Workbook

Sheet 소싱계산기
A1: 소싱 게이트 계산기
A2: 파란 글씨 셀(C·D·E열)만 입력하세요. 나머지는 자동 계산됩니다.
A3: 게이트1 판정은 네이버(주력 채널) 기여이익 기준입니다. 다른 채널 기여이익은 참고용으로 나란히 표시됩니다.
A4: 7행은 입력 형식을 보여주는 예시입니다. 실제 사용 시 덮어쓰세요.
A6: 상품명 | B6: 키워드 | C6: 판매가 | D6: 공급가 | E6: 배송비 | F6: 원가율 | G6: 네이버 수수료 | H6: 네이버 기여이익 | I6: 토스 (광고경유) | J6: 토스 (일반) | K6: 쿠팡 (생활용품) | L6: 게이트1 판정 | M6: 허용 CPA | N6: 필요전환율 @CPC250
A7: [예시] 차량용 무선청소기 | B7: 차량용청소기 | C7: 45000 | D7: 20250 | E7: 3000 | F7: =IF(OR(C7="",D7=""),"",D7/C7) | G7: =IF(C7="","",C7*기준표!$B$6) | H7: =IF(OR(C7="",D7="",E7=""),"",C7-D7-E7-G7) | I7: =IF(OR(C7="",D7="",E7=""),"",C7-D7-E7-C7*기준표!$B$10) | J7: =IF(OR(C7="",D7="",E7=""),"",C7-D7-E7-C7*기준표!$B$9) | K7: =IF(OR(C7="",D7="",E7=""),"",C7-D7-E7-C7*기준표!$B$11) | L7: =IF(H7="","",IF(H7>=기준표!$B$22,"PASS","FAIL")) | M7: =IF(H7="","",H7-기준표!$B$23) | N7: =IF(OR(M7="",M7<=0),"",기준표!$B$24/M7)
F8: =IF(OR(C8="",D8=""),"",D8/C8) | G8: =IF(C8="","",C8*기준표!$B$6) | H8: =IF(OR(C8="",D8="",E8=""),"",C8-D8-E8-G8) | I8: =IF(OR(C8="",D8="",E8=""),"",C8-D8-E8-C8*기준표!$B$10) | J8: =IF(OR(C8="",D8="",E8=""),"",C8-D8-E8-C8*기준표!$B$9) | K8: =IF(OR(C8="",D8="",E8=""),"",C8-D8-E8-C8*기준표!$B$11) | L8: =IF(H8="","",IF(H8>=기준표!$B$22,"PASS","FAIL")) | M8: =IF(H8="","",H8-기준표!$B$23) | N8: =IF(OR(M8="",M8<=0),"",기준표!$B$24/M8)
F9: =IF(OR(C9="",D9=""),"",D9/C9) | G9: =IF(C9="","",C9*기준표!$B$6) | H9: =IF(OR(C9="",D9="",E9=""),"",C9-D9-E9-G9) | I9: =IF(OR(C9="",D9="",E9=""),"",C9-D9-E9-C9*기준표!$B$10) | J9: =IF(OR(C9="",D9="",E9=""),"",C9-D9-E9-C9*기준표!$B$9) | K9: =IF(OR(C9="",D9="",E9=""),"",C9-D9-E9-C9*기준표!$B$11) | L9: =IF(H9="","",IF(H9>=기준표!$B$22,"PASS","FAIL")) | M9: =IF(H9="","",H9-기준표!$B$23) | N9: =IF(OR(M9="",M9<=0),"",기준표!$B$24/M9)
F10: =IF(OR(C10="",D10=""),"",D10/C10) | G10: =IF(C10="","",C10*기준표!$B$6) | H10: =IF(OR(C10="",D10="",E10=""),"",C10-D10-E10-G10) | I10: =IF(OR(C10="",D10="",E10=""),"",C10-D10-E10-C10*기준표!$B$10) | J10: =IF(OR(C10="",D10="",E10=""),"",C10-D10-E10-C10*기준표!$B$9) | K10: =IF(OR(C10="",D10="",E10=""),"",C10-D10-E10-C10*기준표!$B$11) | L10: =IF(H10="","",IF(H10>=기준표!$B$22,"PASS","FAIL")) | M10: =IF(H10="","",H10-기준표!$B$23) | N10: =IF(OR(M10="",M10<=0),"",기준표!$B$24/M10)
F11: =IF(OR(C11="",D11=""),"",D11/C11) | G11: =IF(C11="","",C11*기준표!$B$6) | H11: =IF(OR(C11="",D11="",E11=""),"",C11-D11-E11-G11) | I11: =IF(OR(C11="",D11="",E11=""),"",C11-D11-E11-C11*기준표!$B$10) | J11: =IF(OR(C11="",D11="",E11=""),"",C11-D11-E11-C11*기준표!$B$9) | K11: =IF(OR(C11="",D11="",E11=""),"",C11-D11-E11-C11*기준표!$B$11) | L11: =IF(H11="","",IF(H11>=기준표!$B$22,"PASS","FAIL")) | M11: =IF(H11="","",H11-기준표!$B$23) | N11: =IF(OR(M11="",M11<=0),"",기준표!$B$24/M11)
F12: =IF(OR(C12="",D12=""),"",D12/C12) | G12: =IF(C12="","",C12*기준표!$B$6) | H12: =IF(OR(C12="",D12="",E12=""),"",C12-D12-E12-G12) | I12: =IF(OR(C12="",D12="",E12=""),"",C12-D12-E12-C12*기준표!$B$10) | J12: =IF(OR(C12="",D12="",E12=""),"",C12-D12-E12-C12*기준표!$B$9) | K12: =IF(OR(C12="",D12="",E12=""),"",C12-D12-E12-C12*기준표!$B$11) | L12: =IF(H12="","",IF(H12>=기준표!$B$22,"PASS","FAIL")) | M12: =IF(H12="","",H12-기준표!$B$23) | N12: =IF(OR(M12="",M12<=0),"",기준표!$B$24/M12)
F13: =IF(OR(C13="",D13=""),"",D13/C13) | G13: =IF(C13="","",C13*기준표!$B$6) | H13: =IF(OR(C13="",D13="",E13=""),"",C13-D13-E13-G13) | I13: =IF(OR(C13="",D13="",E13=""),"",C13-D13-E13-C13*기준표!$B$10) | J13: =IF(OR(C13="",D13="",E13=""),"",C13-D13-E13-C13*기준표!$B$9) | K13: =IF(OR(C13="",D13="",E13=""),"",C13-D13-E13-C13*기준표!$B$11) | L13: =IF(H13="","",IF(H13>=기준표!$B$22,"PASS","FAIL")) | M13: =IF(H13="","",H13-기준표!$B$23) | N13: =IF(OR(M13="",M13<=0),"",기준표!$B$24/M13)
F14: =IF(OR(C14="",D14=""),"",D14/C14) | G14: =IF(C14="","",C14*기준표!$B$6) | H14: =IF(OR(C14="",D14="",E14=""),"",C14-D14-E14-G14) | I14: =IF(OR(C14="",D14="",E14=""),"",C14-D14-E14-C14*기준표!$B$10) | J14: =IF(OR(C14="",D14="",E14=""),"",C14-D14-E14-C14*기준표!$B$9) | K14: =IF(OR(C14="",D14="",E14=""),"",C14-D14-E14-C14*기준표!$B$11) | L14: =IF(H14="","",IF(H14>=기준표!$B$22,"PASS","FAIL")) | M14: =IF(H14="","",H14-기준표!$B$23) | N14: =IF(OR(M14="",M14<=0),"",기준표!$B$24/M14)
F15: =IF(OR(C15="",D15=""),"",D15/C15) | G15: =IF(C15="","",C15*기준표!$B$6) | H15: =IF(OR(C15="",D15="",E15=""),"",C15-D15-E15-G15) | I15: =IF(OR(C15="",D15="",E15=""),"",C15-D15-E15-C15*기준표!$B$10) | J15: =IF(OR(C15="",D15="",E15=""),"",C15-D15-E15-C15*기준표!$B$9) | K15: =IF(OR(C15="",D15="",E15=""),"",C15-D15-E15-C15*기준표!$B$11) | L15: =IF(H15="","",IF(H15>=기준표!$B$22,"PASS","FAIL")) | M15: =IF(H15="","",H15-기준표!$B$23) | N15: =IF(OR(M15="",M15<=0),"",기준표!$B$24/M15)
F16: =IF(OR(C16="",D16=""),"",D16/C16) | G16: =IF(C16="","",C16*기준표!$B$6) | H16: =IF(OR(C16="",D16="",E16=""),"",C16-D16-E16-G16) | I16: =IF(OR(C16="",D16="",E16=""),"",C16-D16-E16-C16*기준표!$B$10) | J16: =IF(OR(C16="",D16="",E16=""),"",C16-D16-E16-C16*기준표!$B$9) | K16: =IF(OR(C16="",D16="",E16=""),"",C16-D16-E16-C16*기준표!$B$11) | L16: =IF(H16="","",IF(H16>=기준표!$B$22,"PASS","FAIL")) | M16: =IF(H16="","",H16-기준표!$B$23) | N16: =IF(OR(M16="",M16<=0),"",기준표!$B$24/M16)
F17: =IF(OR(C17="",D17=""),"",D17/C17) | G17: =IF(C17="","",C17*기준표!$B$6) | H17: =IF(OR(C17="",D17="",E17=""),"",C17-D17-E17-G17) | I17: =IF(OR(C17="",D17="",E17=""),"",C17-D17-E17-C17*기준표!$B$10) | J17: =IF(OR(C17="",D17="",E17=""),"",C17-D17-E17-C17*기준표!$B$9) | K17: =IF(OR(C17="",D17="",E17=""),"",C17-D17-E17-C17*기준표!$B$11) | L17: =IF(H17="","",IF(H17>=기준표!$B$22,"PASS","FAIL")) | M17: =IF(H17="","",H17-기준표!$B$23) | N17: =IF(OR(M17="",M17<=0),"",기준표!$B$24/M17)
F18: =IF(OR(C18="",D18=""),"",D18/C18) | G18: =IF(C18="","",C18*기준표!$B$6) | H18: =IF(OR(C18="",D18="",E18=""),"",C18-D18-E18-G18) | I18: =IF(OR(C18="",D18="",E18=""),"",C18-D18-E18-C18*기준표!$B$10) | J18: =IF(OR(C18="",D18="",E18=""),"",C18-D18-E18-C18*기준표!$B$9) | K18: =IF(OR(C18="",D18="",E18=""),"",C18-D18-E18-C18*기준표!$B$11) | L18: =IF(H18="","",IF(H18>=기준표!$B$22,"PASS","FAIL")) | M18: =IF(H18="","",H18-기준표!$B$23) | N18: =IF(OR(M18="",M18<=0),"",기준표!$B$24/M18)
F19: =IF(OR(C19="",D19=""),"",D19/C19) | G19: =IF(C19="","",C19*기준표!$B$6) | H19: =IF(OR(C19="",D19="",E19=""),"",C19-D19-E19-G19) | I19: =IF(OR(C19="",D19="",E19=""),"",C19-D19-E19-C19*기준표!$B$10) | J19: =IF(OR(C19="",D19="",E19=""),"",C19-D19-E19-C19*기준표!$B$9) | K19: =IF(OR(C19="",D19="",E19=""),"",C19-D19-E19-C19*기준표!$B$11) | L19: =IF(H19="","",IF(H19>=기준표!$B$22,"PASS","FAIL")) | M19: =IF(H19="","",H19-기준표!$B$23) | N19: =IF(OR(M19="",M19<=0),"",기준표!$B$24/M19)
... F46: =IF(OR(C46="",D46=""),"",D46/C46) | G46: =IF(C46="","",C46*기준표!$B$6) | H46: =IF(OR(C46="",D46="",E46=""),"",C46-D46-E46-G46) | I46: =IF(OR(C46="",D46="",E46=""),"",C46-D46-E46-C46*기준표!$B$10) | J46: =IF(OR(C46="",D46="",E46=""),"",C46-D46-E46-C46*기준표!$B$9) | K46: =IF(OR(C46="",D46="",E46=""),"",C46-D46-E46-C46*기준표!$B$11) | L46: =IF(H46="","",IF(H46>=기준표!$B$22,"PASS","FAIL")) | M46: =IF(H46="","",H46-기준표!$B$23) | N46: =IF(OR(M46="",M46<=0),"",기준표!$B$24/M46)
A48: 판정 읽는 법
A49: · 게이트1 PASS = 네이버 기여이익이 기준표 임계값(기본 18,000원) 이상
A50: · 허용 CPA = 목표 순이익을 남기고 광고에 쓸 수 있는 건당 상한. 음수면 광고비 0원이어도 목표 미달
A51: · 필요전환율 = CPC 250원 기준. 국내 이커머스 평균 1.33~2%, 상위 20% 3.3%. 4% 넘으면 사실상 불가
A52: · 토스(광고경유)는 판매수수료 0%지만 CPC 광고비가 별도이므로 다른 채널과 직접 비교하지 말 것

Sheet 수요스캔
A1: 수요 스캔 (1층 필터)
A2: 파란 글씨 셀만 입력. 월간검색량은 네이버 검색광고 키워드도구, 진폭·YoY는 네이버 데이터랩에서.
A3: 계절진폭 = 최근 1년 피크월 ÷ 저점월. YoY는 소수로 입력 (예: -12% → -0.12).
A5: 키워드 | B5: 월간검색량 | C5: 검색량 판정 | D5: 계절진폭 (피크÷저점) | E5: YoY | F5: 유형 | G5: 종합판정 | H5: 메모
A6: [예시] 차량용청소기 | B6: 22000 | C6: =IF(B6="","",IF(B6>=기준표!$B$25,"PASS","FAIL")) | D6: 1.4 | E6: -0.05 | F6: =IF(D6="","",IF(D6>=3,"시즌형",IF(D6<=1.5,"상시형","중간"))) | G6: =IF(OR(B6="",D6="",E6=""),"",IF(AND(B6>=기준표!$B$25,OR(D6>=3,D6<=1.5),E6>=-0.1),"PASS","FAIL")) | H6: 상시형, 시장 유지 중
C7: =IF(B7="","",IF(B7>=기준표!$B$25,"PASS","FAIL")) | F7: =IF(D7="","",IF(D7>=3,"시즌형",IF(D7<=1.5,"상시형","중간"))) | G7: =IF(OR(B7="",D7="",E7=""),"",IF(AND(B7>=기준표!$B$25,OR(D7>=3,D7<=1.5),E7>=-0.1),"PASS","FAIL"))
C8: =IF(B8="","",IF(B8>=기준표!$B$25,"PASS","FAIL")) | F8: =IF(D8="","",IF(D8>=3,"시즌형",IF(D8<=1.5,"상시형","중간"))) | G8: =IF(OR(B8="",D8="",E8=""),"",IF(AND(B8>=기준표!$B$25,OR(D8>=3,D8<=1.5),E8>=-0.1),"PASS","FAIL"))
C9: =IF(B9="","",IF(B9>=기준표!$B$25,"PASS","FAIL")) | F9: =IF(D9="","",IF(D9>=3,"시즌형",IF(D9<=1.5,"상시형","중간"))) | G9: =IF(OR(B9="",D9="",E9=""),"",IF(AND(B9>=기준표!$B$25,OR(D9>=3,D9<=1.5),E9>=-0.1),"PASS","FAIL"))
C10: =IF(B10="","",IF(B10>=기준표!$B$25,"PASS","FAIL")) | F10: =IF(D10="","",IF(D10>=3,"시즌형",IF(D10<=1.5,"상시형","중간"))) | G10: =IF(OR(B10="",D10="",E10=""),"",IF(AND(B10>=기준표!$B$25,OR(D10>=3,D10<=1.5),E10>=-0.1),"PASS","FAIL"))
C11: =IF(B11="","",IF(B11>=기준표!$B$25,"PASS","FAIL")) | F11: =IF(D11="","",IF(D11>=3,"시즌형",IF(D11<=1.5,"상시형","중간"))) | G11: =IF(OR(B11="",D11="",E11=""),"",IF(AND(B11>=기준표!$B$25,OR(D11>=3,D11<=1.5),E11>=-0.1),"PASS","FAIL"))
C12: =IF(B12="","",IF(B12>=기준표!$B$25,"PASS","FAIL")) | F12: =IF(D12="","",IF(D12>=3,"시즌형",IF(D12<=1.5,"상시형","중간"))) | G12: =IF(OR(B12="",D12="",E12=""),"",IF(AND(B12>=기준표!$B$25,OR(D12>=3,D12<=1.5),E12>=-0.1),"PASS","FAIL"))
C13: =IF(B13="","",IF(B13>=기준표!$B$25,"PASS","FAIL")) | F13: =IF(D13="","",IF(D13>=3,"시즌형",IF(D13<=1.5,"상시형","중간"))) | G13: =IF(OR(B13="",D13="",E13=""),"",IF(AND(B13>=기준표!$B$25,OR(D13>=3,D13<=1.5),E13>=-0.1),"PASS","FAIL"))
C14: =IF(B14="","",IF(B14>=기준표!$B$25,"PASS","FAIL")) | F14: =IF(D14="","",IF(D14>=3,"시즌형",IF(D14<=1.5,"상시형","중간"))) | G14: =IF(OR(B14="",D14="",E14=""),"",IF(AND(B14>=기준표!$B$25,OR(D14>=3,D14<=1.5),E14>=-0.1),"PASS","FAIL"))
C15: =IF(B15="","",IF(B15>=기준표!$B$25,"PASS","FAIL")) | F15: =IF(D15="","",IF(D15>=3,"시즌형",IF(D15<=1.5,"상시형","중간"))) | G15: =IF(OR(B15="",D15="",E15=""),"",IF(AND(B15>=기준표!$B$25,OR(D15>=3,D15<=1.5),E15>=-0.1),"PASS","FAIL"))
C16: =IF(B16="","",IF(B16>=기준표!$B$25,"PASS","FAIL")) | F16: =IF(D16="","",IF(D16>=3,"시즌형",IF(D16<=1.5,"상시형","중간"))) | G16: =IF(OR(B16="",D16="",E16=""),"",IF(AND(B16>=기준표!$B$25,OR(D16>=3,D16<=1.5),E16>=-0.1),"PASS","FAIL"))
C17: =IF(B17="","",IF(B17>=기준표!$B$25,"PASS","FAIL")) | F17: =IF(D17="","",IF(D17>=3,"시즌형",IF(D17<=1.5,"상시형","중간"))) | G17: =IF(OR(B17="",D17="",E17=""),"",IF(AND(B17>=기준표!$B$25,OR(D17>=3,D17<=1.5),E17>=-0.1),"PASS","FAIL"))
C18: =IF(B18="","",IF(B18>=기준표!$B$25,"PASS","FAIL")) | F18: =IF(D18="","",IF(D18>=3,"시즌형",IF(D18<=1.5,"상시형","중간"))) | G18: =IF(OR(B18="",D18="",E18=""),"",IF(AND(B18>=기준표!$B$25,OR(D18>=3,D18<=1.5),E18>=-0.1),"PASS","FAIL"))
... C45: =IF(B45="","",IF(B45>=기준표!$B$25,"PASS","FAIL")) | F45: =IF(D45="","",IF(D45>=3,"시즌형",IF(D45<=1.5,"상시형","중간"))) | G45: =IF(OR(B45="",D45="",E45=""),"",IF(AND(B45>=기준표!$B$25,OR(D45>=3,D45<=1.5),E45>=-0.1),"PASS","FAIL"))
A48: 판정 기준
A49: · 검색량 PASS = 기준표 최소 월간검색량 이상. 검색량은 검색 유입의 물리적 상한임
A50: · 유형: 진폭 3배 이상 시즌형 / 1.5배 이하 상시형 / 그 사이는 애매 → 제외 권장
A51: · 종합판정 PASS = 검색량 통과 AND (시즌형 또는 상시형) AND YoY -10% 이내
A52: · 예외: 토스쇼핑은 홈피드 추천(pCTR×pCVR) 기반이라 검색량 기준이 적용되지 않음

Sheet 리뷰증가트래커
A1: 리뷰 증가 속도 트래커 (실판매 신호)
A2: 타깃 키워드로 검색해 상위 10개 상품의 리뷰 수를 오늘 기록하고, 14일 뒤 같은 상품을 재측정하세요.
A3: 리뷰는 실제 구매의 결과물이며, 직접 셀 수 있는 유일한 공개 판매 흔적입니다.
A4: 키워드 열에는 아래 요약표와 정확히 같은 문자열을 입력하세요 (SUMIF 매칭).
A6: 키워드 | B6: 순위 | C6: 상품명 | D6: 1차측정일 | E6: 1차리뷰수 | F6: 2차측정일 | G6: 2차리뷰수 | H6: 증가분
A7: [예시] 차량용청소기 | B7: 1 | C7: OO 무선 차량용 청소기 | E7: 1240 | G7: 1310 | H7: =IF(OR(E7="",G7=""),0,G7-E7)
A8: [예시] 차량용청소기 | B8: 2 | C8: XX 차량용 진공청소기 | E8: 860 | G8: 905 | H8: =IF(OR(E8="",G8=""),0,G8-E8)
A9: [예시] 차량용청소기 | B9: 3 | C9: YY 미니 카클리너 | E9: 412 | G9: 442 | H9: =IF(OR(E9="",G9=""),0,G9-E9)
H10: =IF(OR(E10="",G10=""),0,G10-E10)
H11: =IF(OR(E11="",G11=""),0,G11-E11)
H12: =IF(OR(E12="",G12=""),0,G12-E12)
H13: =IF(OR(E13="",G13=""),0,G13-E13)
H14: =IF(OR(E14="",G14=""),0,G14-E14)
H15: =IF(OR(E15="",G15=""),0,G15-E15)
H16: =IF(OR(E16="",G16=""),0,G16-E16)
H17: =IF(OR(E17="",G17=""),0,G17-E17)
H18: =IF(OR(E18="",G18=""),0,G18-E18)
H19: =IF(OR(E19="",G19=""),0,G19-E19)
H20: =IF(OR(E20="",G20=""),0,G20-E20)
H21: =IF(OR(E21="",G21=""),0,G21-E21)
... H46: =IF(OR(E46="",G46=""),0,G46-E46)
A49: 키워드별 요약
A50: 키워드 | B50: 총 증가분 | C50: 최대 증가분 | D50: 1위 집중도 | E50: 판정 | F50: 해석
A51: [예시] 차량용청소기 | B51: =IF(A51="","",SUMIF($A$7:$A$46,A51,$H$7:$H$46)) | C51: =IF(A51="","",SUMPRODUCT(MAX(($A$7:$A$46=A51)*($H$7:$H$46)))) | D51: =IF(OR(B51="",B51=0),"",C51/B51) | E51: =IF(A51="","",IF(AND(B51>=기준표!$B$26,D51<기준표!$B$27),"PASS","FAIL")) | F51: =IF(A51="","",IF(B51<기준표!$B$26,"시장 너무 작음",IF(D51>=기준표!$B$27,"승자독식 — 진입 불리","분산 시장 — 진입 가능")))
B52: =IF(A52="","",SUMIF($A$7:$A$46,A52,$H$7:$H$46)) | C52: =IF(A52="","",SUMPRODUCT(MAX(($A$7:$A$46=A52)*($H$7:$H$46)))) | D52: =IF(OR(B52="",B52=0),"",C52/B52) | E52: =IF(A52="","",IF(AND(B52>=기준표!$B$26,D52<기준표!$B$27),"PASS","FAIL")) | F52: =IF(A52="","",IF(B52<기준표!$B$26,"시장 너무 작음",IF(D52>=기준표!$B$27,"승자독식 — 진입 불리","분산 시장 — 진입 가능")))
B53: =IF(A53="","",SUMIF($A$7:$A$46,A53,$H$7:$H$46)) | C53: =IF(A53="","",SUMPRODUCT(MAX(($A$7:$A$46=A53)*($H$7:$H$46)))) | D53: =IF(OR(B53="",B53=0),"",C53/B53) | E53: =IF(A53="","",IF(AND(B53>=기준표!$B$26,D53<기준표!$B$27),"PASS","FAIL")) | F53: =IF(A53="","",IF(B53<기준표!$B$26,"시장 너무 작음",IF(D53>=기준표!$B$27,"승자독식 — 진입 불리","분산 시장 — 진입 가능")))
B54: =IF(A54="","",SUMIF($A$7:$A$46,A54,$H$7:$H$46)) | C54: =IF(A54="","",SUMPRODUCT(MAX(($A$7:$A$46=A54)*($H$7:$H$46)))) | D54: =IF(OR(B54="",B54=0),"",C54/B54) | E54: =IF(A54="","",IF(AND(B54>=기준표!$B$26,D54<기준표!$B$27),"PASS","FAIL")) | F54: =IF(A54="","",IF(B54<기준표!$B$26,"시장 너무 작음",IF(D54>=기준표!$B$27,"승자독식 — 진입 불리","분산 시장 — 진입 가능")))
B55: =IF(A55="","",SUMIF($A$7:$A$46,A55,$H$7:$H$46)) | C55: =IF(A55="","",SUMPRODUCT(MAX(($A$7:$A$46=A55)*($H$7:$H$46)))) | D55: =IF(OR(B55="",B55=0),"",C55/B55) | E55: =IF(A55="","",IF(AND(B55>=기준표!$B$26,D55<기준표!$B$27),"PASS","FAIL")) | F55: =IF(A55="","",IF(B55<기준표!$B$26,"시장 너무 작음",IF(D55>=기준표!$B$27,"승자독식 — 진입 불리","분산 시장 — 진입 가능")))
B56: =IF(A56="","",SUMIF($A$7:$A$46,A56,$H$7:$H$46)) | C56: =IF(A56="","",SUMPRODUCT(MAX(($A$7:$A$46=A56)*($H$7:$H$46)))) | D56: =IF(OR(B56="",B56=0),"",C56/B56) | E56: =IF(A56="","",IF(AND(B56>=기준표!$B$26,D56<기준표!$B$27),"PASS","FAIL")) | F56: =IF(A56="","",IF(B56<기준표!$B$26,"시장 너무 작음",IF(D56>=기준표!$B$27,"승자독식 — 진입 불리","분산 시장 — 진입 가능")))
B57: =IF(A57="","",SUMIF($A$7:$A$46,A57,$H$7:$H$46)) | C57: =IF(A57="","",SUMPRODUCT(MAX(($A$7:$A$46=A57)*($H$7:$H$46)))) | D57: =IF(OR(B57="",B57=0),"",C57/B57) | E57: =IF(A57="","",IF(AND(B57>=기준표!$B$26,D57<기준표!$B$27),"PASS","FAIL")) | F57: =IF(A57="","",IF(B57<기준표!$B$26,"시장 너무 작음",IF(D57>=기준표!$B$27,"승자독식 — 진입 불리","분산 시장 — 진입 가능")))
B58: =IF(A58="","",SUMIF($A$7:$A$46,A58,$H$7:$H$46)) | C58: =IF(A58="","",SUMPRODUCT(MAX(($A$7:$A$46=A58)*($H$7:$H$46)))) | D58: =IF(OR(B58="",B58=0),"",C58/B58) | E58: =IF(A58="","",IF(AND(B58>=기준표!$B$26,D58<기준표!$B$27),"PASS","FAIL")) | F58: =IF(A58="","",IF(B58<기준표!$B$26,"시장 너무 작음",IF(D58>=기준표!$B$27,"승자독식 — 진입 불리","분산 시장 — 진입 가능")))
A61: 읽는 법
A62: · 총 증가분 = 14일간 상위 10개 리뷰 증가 합계. 기준표 임계값 미만이면 죽은 시장
A63: · 1위 집중도 = 최대 증가분 ÷ 총 증가분. 높을수록 한 셀러가 독식 중
A64: · 절대 판매량은 알 수 없음 (리뷰 작성률 미공개). 상대 비교와 추세 판단에만 사용할 것
A65: · 내 상품 등록 후 같은 방식으로 내 리뷰 증가 속도를 재면 점유율을 추정할 수 있음

Sheet 기준표
A1: 기준표 — 채널별 수수료율 및 게이트 임계값
A2: 노란 셀은 정책·목표가 바뀌면 수정하세요. 다른 모든 시트가 이 값을 참조합니다.
A4: 채널별 판매수수료율
A5: 채널 | B5: 수수료율 | C5: 비고
A6: 네이버 스마트스토어 (일반유입) | B6: 0.06633 | C6: 판매 3.003% + 주문관리 3.63%. 2025-06 개편 기준
A7: 네이버 (마케팅링크 유입) | B7: 0.04631 | C7: 판매 1.001% + 주문관리 3.63%
A8: 네이버 (스타트 제로수수료 초기) | B8: 0 | C8: 주문관리 12개월 / 매출연동 6개월 면제 [면제항목 매핑 미검증]
A9: 토스쇼핑 (일반) | B9: 0.08 | C9: 저수수료 정책 8% 수준
A10: 토스쇼핑 (광고 경유) | B10: 0 | C10: 광고 클릭 후 7일 내 구매는 판매수수료 0%
A11: 쿠팡 (생활용품·가전디지털) | B11: 0.078 | C11: 카테고리별 4~10.9% 중
A12: 쿠팡 (주방·가구·반려·스포츠) | B12: 0.108
A13: 11번가 (상한) | B13: 0.13 | C13: 7~13% + 서버이용료 월 77,000원(전월 500만↑)
A14: 카카오 톡스토어 | B14: 0 | C14: 판매수수료 무료. 단 노출 채널별 추가 수수료 가능 [미검증]
A15: 오늘의집 | C15: 카테고리별. 파트너센터 로그인 후 직접 입력 [미확인]
A16: 올웨이즈 | B16: 0.015 | C16: + 월 서버이용료 49,000원(월매출 100만↑)
A17: 알리 K-venue | B17: 0.08 | C17: 신규 입점 90일 면제
A20: 게이트 임계값
A21: 항목 | B21: 값 | C21: 근거
A22: 게이트1 최소 기여이익 | B22: 18000 | C22: 목표(건당 순익 1만원) 역산. 일반 기준은 8,000원
A23: 목표 건당 순이익 | B23: 10000 | C23: 사용자 설정 목표
A24: 기준 CPC | B24: 250 | C24: 쿠팡 통상 200~300원대. 토스 최소입찰 200원
A25: 최소 월간 검색량 | B25: 15000 | C25: 월 100건 목표 ÷ 전환율 3% ÷ CTR 20% [CTR 미검증]
A26: 리뷰 14일 최소 증가 | B26: 20 | C26: 죽은 시장 배제선 [미검증 휴리스틱]
A27: 1위 집중도 상한 | B27: 0.7 | C27: 초과 시 승자독식 [미검증 휴리스틱]
A28: 최저가 갭 상한 | B28: 0.15 | C28: 초과 시 최저가 경쟁 진행 중 [미검증 휴리스틱]
A29: 반품률 경고선 | B29: 0.15 | C29: 20% 초과 시 손절
A30: 주간 취소율 상한 | B30: 0.02 | C30: 초과 시 해당 도매사 노출 중단
A32: 출처: 본 저장소 docs/consignment-platform-strategy.md (2026-09 기준). [미검증] 표기 항목은 1차 출처 확인 실패.
